[ "java.util.ArrayList", [ {
  "@class" : "Products.Weapon",
  "name" : "Sword",
  "description" : "A sharp blade.",
  "price" : 10.0,
  "quantity" : 5,
  "damage" : 25
}, {
  "@class" : "Products.Weapon",
  "name" : "Gun",
  "description" : "Assault Rifle.",
  "price" : 20.0,
  "quantity" : 5,
  "damage" : 60
}, {
  "@class" : "Products.Armour",
  "name" : "Shield",
  "description" : "Wooden Shield.",
  "price" : 5.0,
  "quantity" : 3,
  "protection" : 10
}, {
  "@class" : "Products.Armour",
  "name" : "Full Suit",
  "description" : "Metal Suit of Armour.",
  "price" : 30.0,
  "quantity" : 3,
  "protection" : 75
}, {
  "@class" : "Products.Health",
  "name" : "Bandages",
  "description" : "Bandage Wraps - 5.",
  "price" : 15.0,
  "quantity" : 6,
  "healingAmount" : 15
}, {
  "@class" : "Products.Health",
  "name" : "Heart",
  "description" : "Full heal.",
  "price" : 35.0,
  "quantity" : 6,
  "healingAmount" : 100
} ] ]